{
    "Train at": "20/02/2024 10:26:03",
    "epoch": 1,
    "time per epoch": 62.48227572441101,
    "train_loss": 0.6931580901145935,
    "train_acc": 0.4517795741558075,
    "train_f1": 0.4517795741558075,
    "val_loss": 0.6931509971618652,
    "val_acc": 0.37467700242996216,
    "val_f1": 0.37467700242996216
}
